{
  "defs": [
    {
      "id": 1,
      "name": "Graveyard",
      "fogColor": [
        0.050980392156862744,
        0.0196078431372549,
        0.10196078431372549
      ],
      "fogStart": 18,
      "fogEnd": 28
    }
  ],
  "cells": {
    "188,71": 1,
    "181,71": 1,
    "182,71": 1,
    "183,71": 1,
    "184,71": 1,
    "185,71": 1,
    "186,71": 1,
    "187,71": 1,
    "189,71": 1,
    "190,71": 1,
    "181,72": 1,
    "182,72": 1,
    "183,72": 1,
    "184,72": 1,
    "185,72": 1,
    "186,72": 1,
    "187,72": 1,
    "188,72": 1,
    "189,72": 1,
    "190,72": 1,
    "181,73": 1,
    "182,73": 1,
    "183,73": 1,
    "184,73": 1,
    "185,73": 1,
    "186,73": 1,
    "187,73": 1,
    "188,73": 1,
    "189,73": 1,
    "190,73": 1,
    "181,74": 1,
    "182,74": 1,
    "183,74": 1,
    "184,74": 1,
    "185,74": 1,
    "186,74": 1,
    "187,74": 1,
    "188,74": 1,
    "189,74": 1,
    "190,74": 1,
    "181,75": 1,
    "182,75": 1,
    "183,75": 1,
    "184,75": 1,
    "185,75": 1,
    "186,75": 1,
    "187,75": 1,
    "188,75": 1,
    "189,75": 1,
    "190,75": 1,
    "180,75": 1,
    "180,76": 1,
    "181,76": 1,
    "182,76": 1,
    "183,76": 1,
    "184,76": 1,
    "185,76": 1,
    "186,76": 1,
    "187,76": 1,
    "188,76": 1,
    "189,76": 1,
    "190,76": 1,
    "180,77": 1,
    "181,77": 1,
    "182,77": 1,
    "183,77": 1,
    "184,77": 1,
    "185,77": 1,
    "186,77": 1,
    "187,77": 1,
    "188,77": 1,
    "189,77": 1,
    "190,77": 1,
    "180,78": 1,
    "181,78": 1,
    "182,78": 1,
    "183,78": 1,
    "184,78": 1,
    "185,78": 1,
    "186,78": 1,
    "187,78": 1,
    "188,78": 1,
    "189,78": 1,
    "190,78": 1,
    "180,65": 1,
    "181,65": 1,
    "182,65": 1,
    "183,65": 1,
    "180,66": 1,
    "181,66": 1,
    "182,66": 1,
    "183,66": 1,
    "180,67": 1,
    "181,67": 1,
    "182,67": 1,
    "183,67": 1,
    "180,68": 1,
    "181,68": 1,
    "182,68": 1,
    "183,68": 1,
    "180,69": 1,
    "181,69": 1,
    "182,69": 1,
    "183,69": 1,
    "180,70": 1,
    "181,70": 1,
    "182,70": 1,
    "183,70": 1,
    "180,71": 1,
    "180,72": 1,
    "180,73": 1,
    "180,74": 1,
    "184,61": 1,
    "185,61": 1,
    "186,61": 1,
    "187,61": 1,
    "188,61": 1,
    "189,61": 1,
    "190,61": 1,
    "191,61": 1,
    "192,61": 1,
    "193,61": 1,
    "194,61": 1,
    "195,61": 1,
    "196,61": 1,
    "184,62": 1,
    "185,62": 1,
    "186,62": 1,
    "187,62": 1,
    "188,62": 1,
    "189,62": 1,
    "190,62": 1,
    "191,62": 1,
    "192,62": 1,
    "193,62": 1,
    "194,62": 1,
    "195,62": 1,
    "196,62": 1,
    "184,63": 1,
    "185,63": 1,
    "186,63": 1,
    "187,63": 1,
    "188,63": 1,
    "189,63": 1,
    "190,63": 1,
    "191,63": 1,
    "192,63": 1,
    "193,63": 1,
    "194,63": 1,
    "195,63": 1,
    "196,63": 1,
    "184,64": 1,
    "185,64": 1,
    "186,64": 1,
    "187,64": 1,
    "188,64": 1,
    "189,64": 1,
    "190,64": 1,
    "191,64": 1,
    "192,64": 1,
    "193,64": 1,
    "194,64": 1,
    "195,64": 1,
    "196,64": 1,
    "184,65": 1,
    "185,65": 1,
    "186,65": 1,
    "187,65": 1,
    "188,65": 1,
    "189,65": 1,
    "190,65": 1,
    "191,65": 1,
    "192,65": 1,
    "193,65": 1,
    "194,65": 1,
    "195,65": 1,
    "196,65": 1,
    "184,66": 1,
    "185,66": 1,
    "186,66": 1,
    "187,66": 1,
    "188,66": 1,
    "189,66": 1,
    "190,66": 1,
    "191,66": 1,
    "192,66": 1,
    "193,66": 1,
    "194,66": 1,
    "195,66": 1,
    "196,66": 1,
    "184,67": 1,
    "185,67": 1,
    "186,67": 1,
    "187,67": 1,
    "188,67": 1,
    "189,67": 1,
    "190,67": 1,
    "191,67": 1,
    "192,67": 1,
    "193,67": 1,
    "194,67": 1,
    "195,67": 1,
    "196,67": 1,
    "184,68": 1,
    "185,68": 1,
    "186,68": 1,
    "187,68": 1,
    "188,68": 1,
    "189,68": 1,
    "190,68": 1,
    "191,68": 1,
    "192,68": 1,
    "193,68": 1,
    "194,68": 1,
    "195,68": 1,
    "196,68": 1,
    "184,69": 1,
    "185,69": 1,
    "186,69": 1,
    "187,69": 1,
    "188,69": 1,
    "189,69": 1,
    "190,69": 1,
    "191,69": 1,
    "192,69": 1,
    "193,69": 1,
    "194,69": 1,
    "195,69": 1,
    "196,69": 1,
    "184,70": 1,
    "185,70": 1,
    "186,70": 1,
    "187,70": 1,
    "188,70": 1,
    "189,70": 1,
    "190,70": 1,
    "191,70": 1,
    "192,70": 1,
    "193,70": 1,
    "194,70": 1,
    "195,70": 1,
    "196,70": 1,
    "191,71": 1,
    "192,71": 1,
    "193,71": 1,
    "194,71": 1,
    "195,71": 1,
    "196,71": 1,
    "191,72": 1,
    "192,72": 1,
    "193,72": 1,
    "194,72": 1,
    "195,72": 1,
    "196,72": 1,
    "191,73": 1,
    "192,73": 1,
    "193,73": 1,
    "194,73": 1,
    "195,73": 1,
    "196,73": 1,
    "191,74": 1,
    "192,74": 1,
    "193,74": 1,
    "194,74": 1,
    "195,74": 1,
    "196,74": 1,
    "191,75": 1,
    "192,75": 1,
    "193,75": 1,
    "194,75": 1,
    "195,75": 1,
    "196,75": 1,
    "197,61": 1,
    "198,61": 1,
    "199,61": 1,
    "200,61": 1,
    "201,61": 1,
    "202,61": 1,
    "203,61": 1,
    "204,61": 1,
    "205,61": 1,
    "206,61": 1,
    "207,61": 1,
    "208,61": 1,
    "209,61": 1,
    "210,61": 1,
    "211,61": 1,
    "197,62": 1,
    "198,62": 1,
    "199,62": 1,
    "200,62": 1,
    "201,62": 1,
    "202,62": 1,
    "203,62": 1,
    "204,62": 1,
    "205,62": 1,
    "206,62": 1,
    "207,62": 1,
    "208,62": 1,
    "209,62": 1,
    "210,62": 1,
    "211,62": 1,
    "197,63": 1,
    "198,63": 1,
    "199,63": 1,
    "200,63": 1,
    "201,63": 1,
    "202,63": 1,
    "203,63": 1,
    "204,63": 1,
    "205,63": 1,
    "206,63": 1,
    "207,63": 1,
    "208,63": 1,
    "209,63": 1,
    "210,63": 1,
    "211,63": 1,
    "197,64": 1,
    "198,64": 1,
    "199,64": 1,
    "200,64": 1,
    "201,64": 1,
    "202,64": 1,
    "203,64": 1,
    "204,64": 1,
    "205,64": 1,
    "206,64": 1,
    "207,64": 1,
    "208,64": 1,
    "209,64": 1,
    "210,64": 1,
    "211,64": 1,
    "197,65": 1,
    "198,65": 1,
    "199,65": 1,
    "200,65": 1,
    "201,65": 1,
    "202,65": 1,
    "203,65": 1,
    "204,65": 1,
    "205,65": 1,
    "206,65": 1,
    "207,65": 1,
    "208,65": 1,
    "209,65": 1,
    "210,65": 1,
    "211,65": 1,
    "197,66": 1,
    "198,66": 1,
    "199,66": 1,
    "200,66": 1,
    "201,66": 1,
    "202,66": 1,
    "203,66": 1,
    "204,66": 1,
    "205,66": 1,
    "206,66": 1,
    "207,66": 1,
    "208,66": 1,
    "209,66": 1,
    "210,66": 1,
    "211,66": 1,
    "197,67": 1,
    "198,67": 1,
    "199,67": 1,
    "200,67": 1,
    "201,67": 1,
    "202,67": 1,
    "203,67": 1,
    "204,67": 1,
    "205,67": 1,
    "206,67": 1,
    "207,67": 1,
    "208,67": 1,
    "209,67": 1,
    "210,67": 1,
    "211,67": 1,
    "197,68": 1,
    "198,68": 1,
    "199,68": 1,
    "200,68": 1,
    "201,68": 1,
    "202,68": 1,
    "203,68": 1,
    "204,68": 1,
    "205,68": 1,
    "206,68": 1,
    "207,68": 1,
    "208,68": 1,
    "209,68": 1,
    "210,68": 1,
    "211,68": 1,
    "197,69": 1,
    "198,69": 1,
    "199,69": 1,
    "200,69": 1,
    "201,69": 1,
    "202,69": 1,
    "203,69": 1,
    "204,69": 1,
    "205,69": 1,
    "206,69": 1,
    "207,69": 1,
    "208,69": 1,
    "209,69": 1,
    "210,69": 1,
    "211,69": 1,
    "197,70": 1,
    "198,70": 1,
    "199,70": 1,
    "200,70": 1,
    "201,70": 1,
    "202,70": 1,
    "203,70": 1,
    "204,70": 1,
    "205,70": 1,
    "206,70": 1,
    "207,70": 1,
    "208,70": 1,
    "209,70": 1,
    "210,70": 1,
    "211,70": 1,
    "197,71": 1,
    "198,71": 1,
    "199,71": 1,
    "200,71": 1,
    "201,71": 1,
    "202,71": 1,
    "203,71": 1,
    "204,71": 1,
    "205,71": 1,
    "206,71": 1,
    "207,71": 1,
    "208,71": 1,
    "209,71": 1,
    "210,71": 1,
    "211,71": 1,
    "197,72": 1,
    "198,72": 1,
    "199,72": 1,
    "200,72": 1,
    "201,72": 1,
    "202,72": 1,
    "203,72": 1,
    "204,72": 1,
    "205,72": 1,
    "206,72": 1,
    "207,72": 1,
    "208,72": 1,
    "209,72": 1,
    "210,72": 1,
    "211,72": 1,
    "197,73": 1,
    "198,73": 1,
    "199,73": 1,
    "200,73": 1,